tic_id,sector,period,period_err_lo,period_err_hi,t0,t0_err_lo,t0_err_hi,duration,duration_err_lo,duration_err_hi,depth,depth_err_lo,depth_err_hi,depth_ppm,snr,sde,detection_method,class,confidence,classify_method,prob_transit,prob_eclipsing_binary,prob_blend,prob_other,flag_is_eb,flag_secondary_detected,flag_odd_even_mismatch,flag_centroid_shift,flag_is_blend,flags,delta_bic,fit_method,secondary_depth
427222550,79,4.384238498594172,4.1019951379617225e-05,3.931920140676226e-05,1330.1159086698967,0.00012198224249004852,0.00010796514402500179,0.09013616071236047,0.00031923527301574994,0.0003222974539932033,0.012263223520730296,0.00019605286079519592,0.00015634914939071168,,271.70190262543696,14.202172114400256,bls+bls,transit,0.7794361911120397,ensemble,0.7794361911120397,0.21010868071575328,0.005227564086103585,0.005227564086103585,False,False,False,False,False,,43624.06790872426,batman_emcee,0.00013953068352845488
349992610,52,4.748788094302677,,,1331.146334129617,,,0.16,,,0.004973932365390583,,,,304.3252770569477,20.929665208026325,bls+bls,eclipsing_binary,0.9810209185503099,ensemble,0.01813623059992846,0.9810209185503099,0.0004214254248808724,0.0004214254248808724,False,False,False,False,False,,,none,0.003406982868909836
399391772,29,5.260730686742572,,,1327.5475127943032,,,0.16,,,0.006520309968071613,,,,390.6243317685441,18.60818487027623,bls+bls,blend,0.9,ensemble,0.00045480880753036155,0.09937787638251551,0.9,0.00016731480995411948,False,False,False,False,False,,,none,0.0001779267172492549
460590760,27,0.5720355222710756,,,1328.994499984811,,,0.22,,,0.003130882978439331,,,,111.48526557002432,6.063800254066016,bls+bls,other,0.7507340147088325,ensemble,0.07259663324197066,0.1696664162750663,0.007002935774130603,0.7507340147088325,False,False,False,False,False,,,none,-0.0013670768591849125
